店名,星级评分,评论数,平均每人消费,饭店标签,地址
5050购物中心,4.5,556,102,商场,黄龙住宅区
CHUU(温州万象城店),3.5,39,102,服饰鞋包,温州万象城
delistwear(温州滨江万象城店),4.0,2,102,服饰鞋包,杨府山
EXCELSIOR(温州滨江万象城店),3.5,1,102,服饰鞋包,鹿城区
GROTTO(温州滨江万象城店),4.0,4,102,服饰鞋包,杨府山
LIRSTE莱斯特文创(温州滨江万象城店),5.0,41,102,杂货礼品,江滨东路
lululemon(温州印象城MEGA店),3.5,12,102,服饰鞋包,中央绿轴
MYTIMELAB(温州滨江万象城店),3.5,4,102,服饰鞋包,江滨东路
NINI2025商街,5.0,38,102,商场,滨海园区
OCE(温州滨江万象城店),3.5,3,102,居家日用,鹿城区
ORANGE CUBE(温州滨江万象城店),3.5,3,102,服饰鞋包,鹿城区
Store(温州万象城店),3.5,5,102,数码产品,温州万象城
We+名城广场,4.0,277,102,商场,五马街/大南门
万象影城(温州滨江万象城HALO巨幕店),4.0,9,102,电影院,鹿城区
万达广场(龙湾店),5.0,436,102,商场,万达广场
与卿说汉服体验馆,4.5,11,102,自拍/换装体验,老殿后
中庚・漫游天地,4.0,74,102,商场,娄桥
你好酒店(温州瑞安店),4.5,47,102,舒适型,瑞安市区
创荣商业广场,4.0,82,102,商场,大学城
千寻民族服装换装体验馆,4.0,22,102,个性写真,梧田
南塘.新天地,4.5,230,102,商场,东屿村
印象里,3.5,49,102,商场,新桥
叔叔家烘焙工作室,3.5,10,102,甜品,鳌江镇
吾悦广场(龙湾店),5.0,972,102,商场,上江
大英图书馆・世界像素・温州站,4.5,19,102,展览馆,江滨东路
大象城国际商贸中心,4.0,75,102,商场,动车南站
崇悦广场,3.5,36,102,商场,滨海园区
时代广场购物中心(车站大道店),4.0,204,102,商场,车站大道
梦多多小镇,4.0,390,102,商场,新桥
欧洲城C区,3.5,7,102,商场,欧洲城
江城熬糕店,3.5,5,102,温州菜,东山街道
汪妈妈家宴,3.5,15,102,温州菜,永嘉县
浙江温州高空跳伞基地(官方旗舰店),4.5,25,102,更多新奇体验,马鞍池
温州TOD印象汇,3.5,1,102,商场,龙湾区
温州万象城,5.0,1750,102,商场,温州万象城
温州万豪酒店,4.5,194,102,豪华型,江滨东路
温州世贸中心大厦,4.0,61,102,商务楼,银泰百货/大南路
温州人家烧(景秀湾花园店),3.5,16,102,私房菜,龙湾区
温州印象城MEGA,5.0,1106,102,商场,中央绿轴
温州君廷酒店,4.0,149,102,豪华型,动车南站
温州君廷酒店公寓,4.5,127,102,高档型,动车南站
温州和晟温德姆酒店,4.0,204,102,豪华型,渔寮
温州城市大学,4.0,39,102,其他院校,龙湾区
温州大道第一商业街,3.5,30,102,休闲街区,火车站北
温州威斯汀酒店,4.5,700,102,豪华型,鹿城区
温州威斯汀酒店・宴会厅,4.0,21,102,餐厅宴会,鹿城区
温州开元名都大酒店,5.0,230,102,豪华型,中央绿轴
温州滨江万象城,4.5,296,102,商场,江滨东路
温州科技馆,5.0,211,102,科技馆,中央绿轴
温州路之遥奥特莱斯商业广场,4.0,187,102,商场,北白象镇
红枫古道,4.0,10,102,自然风光,瓯海区
蕉下(温州滨江万象城店),3.5,1,102,居家日用,鹿城区
金海湖公园,3.5,28,102,公园/广场,龙湾区
银泰百货(温州世贸店),5.0,766,102,商场,银泰百货/大南路
银泰百货(瓯海店),5.0,562,102,商场,娄桥
% Arabica(温州滨江万象城店),4.0,105,44,咖啡厅,鹿城区
313羊庄(永中西路店),3.0,13,100,牛羊肉火锅,龙湾区
313羊庄(汤家桥店),4.0,199,129,牛羊肉火锅,汤家桥
313羊庄铁锅烀羊肉(龙霞路店),4.0,116,88,牛羊肉火锅,火车站南
3号仓库・餐厅(鹿城店),4.5,3513,127,创意菜,葡萄棚/牛山客运中心
51Met Aroma空中餐吧,3.5,111,243,特色菜,银泰百货/大南路
ampm全时段概念空间(梧田老街店),4.0,159,115,西餐,梧田
AM・613音乐美学生活馆,4.0,192,121,西餐,娄桥
AP 西餐厅运动娱乐中心(滨江万象城店),3.5,16,105,西餐,江滨东路
AP运动工场(印象城店),3.5,350,138,儿童乐园,中央绿轴
AP运动工场(米房店),4.0,332,116,更多新奇体验,米房创意园
bluefrog蓝蛙(温州万象城店),4.0,1394,134,西餐,温州万象城
bobo咖啡西餐(学院西路店),4.5,680,144,西餐,学院路
BungalowBistro平房.,4.5,1503,93,西餐,五马街/大南门
BURANO布拉诺西餐(温州万象城店),4.5,660,120,西餐,温州万象城
Casa mia意式餐厅(人民路店),4.5,151,133,西餐,五马街/大南门
Casamia意式家庭小馆(东浦店),4.0,1447,122,西餐,车站大道
ChinChin 法餐・酒廊,4.5,338,158,西餐,银泰百货/大南路
COCO天空农场,3.5,423,76,儿童乐园,娄桥
COMMUNE幻师(印象城店),4.5,1245,86,西餐,中央绿轴
CRAZYONES克芮旺斯西班牙餐厅(温州滨江万象城店),4.0,557,109,西餐,杨府山
D2・restaurant,5.0,634,178,西餐,梧田
Dayy goout store(东瓯智库店),4.5,216,80,西餐,学院路
Di più最西厨(印象城店),4.5,958,175,西餐,中央绿轴
D家火锅(五马街店),4.5,911,138,重庆火锅,五马街/大南门
D家火锅(龙汇店),5.0,772,113,重庆火锅,东屿村
FFFFF斐石流心三明治・咖啡(温州滨江万象城店),4.0,106,22,西式快餐,江滨东路
Flower House元会,4.5,688,231,西餐,西城路
GOJI 贡厨・自助餐厅(温州万豪酒店),4.0,1071,281,自助餐,江滨东路
GUSTO谷士多意大利餐厅,4.5,231,152,西餐,学院路
haxnbauer海森堡德国餐厅(印象城MEGA店),4.0,702,161,西餐,中央绿轴
HELLO见面・音乐餐厅,4.0,176,84,温州菜,万达广场
HERE三餐这里(印象城店),4.5,605,245,西餐,中央绿轴
HOLA餐厅(财富中心店),3.5,433,85,西餐,车站大道
Hunt猎人西餐厅・酒廊(梧田店),4.5,1113,191,西餐,梧田
Hà N?i 河内河内・越南小馆,4.5,182,60,越南菜,车站大道
IL Forno 意坊・意大利餐厅(温州万象城店),4.0,1807,159,西餐,温州万象城
ins概念(时代店),5.0,3046,291,美发,车站大道
K22.酸奶草莓(温州万象城店),4.0,598,18,酸奶,温州万象城
Katana美式寿司料理(闻宅巷店),4.5,1155,128,寿司,五马街/大南门
KCOOKING概念韩餐(温州滨江万象城店),4.5,411,105,韩国料理,江滨东路
KUMOKUMO(温州万象城店),4.5,481,42,面包烘焙,温州万象城
LAFRASSANT法颂(温州滨江万象城店),4.0,51,28,面包烘焙,江滨东路
LOU.席,3.5,43,59,温州菜,大学城
M Stand(温州滨江万象城店),4.0,37,43,咖啡厅,杨府山
Makino,4.0,431,69,咖啡厅,瓯海区
MeetThai觅泰・泰式大排档(大学城太一广场店),4.5,312,70,泰国菜,大学城
MELAND CLUB(温州吾悦广场店),4.0,336,249,儿童乐园,上江
MINI选そ景派对下午茶coffee,5.0,632,115,西餐,江滨西路
MLB(温州万象城店),3.5,15,1855,服饰鞋包,温州万象城
Model 鹿港・筵・文化艺术高级餐厅,4.0,315,470,温州菜,欧洲城
MOJ COFFEE(泽雅唐宅店),4.5,327,59,咖啡厅,瓯海区
MoLi・茉里西餐厅,5.0,328,107,西餐,信河街
MOMO音乐艺术西餐厅Bar,4.5,249,194,西餐,南塘风貌街
MOONLAMOUR月迹自由餐厅(温州滨江万象城店),4.0,78,210,西餐,江滨东路
MStand(温州万象城店),4.0,135,50,咖啡厅,温州万象城
MY HAIR SALON(温州印象城MEGA店),4.5,1210,359,美发,中央绿轴
NahNahTai・纳(浙南首店),4.5,1071,126,泰国菜,中央绿轴
NAKUPENDA,4.5,783,128,西餐,下吕浦
Nothing cafe那行咖啡馆,4.5,1526,82,咖啡厅,水心
O'eat Gastronomy(滨江万象城店),4.5,212,172,西餐,杨府山
Pennehut畔尼意面(温州万象城店),4.0,1438,56,快餐简餐,温州万象城
Pennehut畔尼意面(温州滨江万象城店),4.0,61,48,快餐简餐,杨府山
Potato Corner(温州滨江万象城店),3.5,82,26,西式快餐,江滨东路
RaiRai来来(闻宅巷步行街店),4.5,1271,114,西餐,银泰百货/大南路
RHBAKERY,4.5,136,25,甜品,银泰百货/大南路
ROG玩家国度(温州万象城店),5.0,85,16376,数码产品,温州万象城
ROG玩家国度(温州滨江万象城店),5.0,20,19297,数码产品,杨府山
ROIIN用心(浙南首店),4.5,186,150,西餐,杨府山
Seasons四季与你,5.0,966,189,西餐,杨府山
sense叁肆创意菜(金城大厦店),4.5,1968,176,西餐,车站大道
Sparrow kitchen麻雀厨房,4.0,75,82,西餐,车站大道
STARLEAF星叶南洋料理・概念店(温州滨江万象城店),4.0,134,148,东南亚菜,江滨东路
supa brunch,4.5,101,100,西餐,老殿后
TACO STAR塔可星(万象城店),4.5,396,33,西餐,温州万象城
TAGER,4.5,975,316,西餐,鹿城区
TARENTUM萄木・Brunch Bar(浙南首店),4.5,157,132,西餐,杨府山
Taste・潮熹,3.5,37,460,温州菜,鹿城区
The Little House小房子餐厅,3.5,95,184,私房菜,瓯海区
The Lost Kitchen失落的厨房,4.0,367,177,西餐,车站大道
Wagas沃歌斯(温州万象城店),4.5,557,83,西餐,温州万象城
Wagas沃歌斯(温州滨江万象城店),3.5,20,75,西餐,杨府山
Why land・创意西料理,4.5,112,114,创意菜,蒲鞋市
WIND SILO风仓餐厅(中央绿轴店),4.5,416,184,西餐,中央绿轴
WINDSILO风仓・佐拉ZOLA,4.5,1541,175,西餐,江滨西路
一品嘉.小鲜(温州滨江万象城店),4.0,46,146,特色菜,杨府山
一品嘉海鲜料理(闻宅店),4.0,1607,144,海鲜,五马街/大南门
一棵树・意大利餐厅One Tree(新城店),4.5,1246,182,西餐,中央绿轴
一棵树・意大利餐厅One Tree(温州印象城MEGA店),4.5,1989,210,西餐,中央绿轴
一绪に寿喜烧(公园路店),4.5,827,170,寿喜锅/烧自助,五马街/大南门
一绪に寿喜烧(温州万象城店),4.0,2219,173,日式自助,温州万象城
七彩侨都儿童乐园世界,3.5,80,33,儿童乐园,鹿城区
七涧谷・元气食堂(双井坊店),4.5,2240,94,日本料理,蒲鞋市
七涧谷・元气食堂(茶山店),4.5,610,97,日本料理,大学城
七道湘小炒黄牛肉(大西洋银泰城店),5.0,1426,72,湘菜,娄桥
万自然葡萄酒馆(印象城店),4.0,94,179,西餐,中央绿轴
三个蒙古大叔烤羊肉串(温州首店),4.5,1039,108,烤串,五马街/大南门
三湿地,5.0,778,56,城市公园,瓯海区
不问・非遗美学茶空间,4.0,368,143,饮品店,葡萄棚/牛山客运中心
东北那嘎哒(新桥店),4.0,85,59,东北菜,新桥
东家小厨(滨海六路店),4.0,121,71,温州菜,滨海园区
东方柏宴,4.0,1318,137,粤菜,西城路
东浦・一味独食火锅,4.5,2290,87,火锅,车站大道
东篱下休闲农庄,4.5,382,127,苏帮菜,滨海园区
中国元素餐厅・温州威斯汀酒店,4.5,605,213,温州菜,鹿城区
中港汇海鲜火锅(米房店),4.0,165,485,海鲜火锅,米房创意园
久川・川菜小酒馆,4.5,129,81,川菜馆,上陡门
之禾里・香酥鸡(恒隆店),4.5,1681,80,温州菜,车站大道
九又二分一寿喜烧(东浦二店),4.5,1862,135,日式火锅,车站大道
九又二分一寿喜烧(大南本店),4.5,3123,116,日式火锅,五马街/大南门
九田家黑牛烤肉料理(大西洋银泰城店),5.0,5255,79,韩式烤肉,娄桥
九米羊炉(宏源锦园店),3.0,18,86,牛羊肉火锅,中央绿轴
也崎西点・生日蛋糕(温州滨江万象城店),4.0,56,47,甜品,江滨东路
二两五花(万顺大厦店),4.5,1742,36,西餐,车站大道
云天楼瓯越・云鳌日料,4.5,419,198,日本料理,娄桥
云顶草上世界,4.0,3793,167,游乐场,瓯海区
五马街,5.0,1283,110,休闲街区,五马街/大南门
五马集・海鲜大牌档,4.5,5826,80,海鲜,五马街/大南门
享野小^・温州菜(新城店),4.0,284,84,浙菜,中央绿轴
亲爱的选ご匆馊诤喜吞万科生活馆,4.5,5557,154,创意菜,车站大道
今晚食乜m海r大排n,4.5,2558,130,海鲜,车站大道
仟杯酒肆(绿洲花园店),4.5,591,120,浙菜,汤家桥
以川冒菜・冒烤鸭(温州印象城店),4.0,1453,51,快餐简餐,中央绿轴
传式顺德菜(温州滨江万象城店),3.0,141,166,顺德菜,江滨东路
侨吉屋・料理,4.5,470,157,日本料理,东屿村
元熹,4.5,885,805,日本料理,五马街/大南门
元熹・寿司会席(温州滨江万象城店),4.0,35,381,日本料理,江滨东路
先启半步颠小酒馆(温州万象城店),4.5,1049,82,川菜馆,温州万象城
先启半步颠小酒馆(白麓里店),4.5,1754,83,川菜馆,中央绿轴
全牛匠|乐山跷脚牛肉(吾悦广场店),4.0,1026,69,川菜馆,上江
八全十满(大南店),4.5,1784,29,快餐简餐,五马街/大南门
冯四跷脚牛肉・川菜(温州人民中路店),4.5,300,51,川菜馆,五马街/大南门
冰雪世界,3.0,46,80,游乐场,茶山
加餐海鲜自助(印象城MEGA店),4.0,1635,176,自助餐,中央绿轴
加餐海鲜自助(滨江万象城店),3.5,58,168,海鲜自助,江滨东路
匠和风精致料理(温州印象城店),4.5,3027,292,日式自助,中央绿轴
千旬・姑娘酒场(景山印象里店),4.5,619,97,日本料理,新桥
南堂戏宴,4.0,106,167,温州菜,南塘风貌街
南山山・泥炉老火锅(温迪店),4.0,105,86,火锅,车站大道
南府,4.0,108,95,特色菜,老殿后
厨研食黑毛和牛饭,4.0,96,34,小吃面食,银泰百货/大南路
去茶去・休闲中餐(五马街店),4.5,2712,65,温州菜,五马街/大南门
友家双(中荣广场店),4.0,265,135,西餐,妙果寺
友家双(时代店),4.0,960,84,甜品,车站大道
双井头饭店,3.5,45,122,温州菜,学院路
双门洞18号・小韩料(车站大道店),4.0,1669,92,韩国料理,车站大道
古乐牛香・鲜牛肉牛杂火锅(大学城店),4.5,336,73,潮汕牛肉火锅,大学城
古乐牛香・鲜牛肉牛杂火锅・夜宵(人民路店),4.5,5224,80,潮汕牛肉火锅,五马街/大南门
古泰・泰式按摩SPA(印象城店),4.5,483,228,按摩/足疗,中央绿轴
司乎PRO(印象城店),4.0,544,19,西式快餐,中央绿轴
合梧居酒屋(新城店),4.5,1256,111,日本料理,中央绿轴
名棠・创意料理(欧洲城店),4.5,2236,107,创意菜,欧洲城
名棠创意料理(奥体城店),4.5,437,104,创意菜,万达广场
吹台山森林公园,4.0,524,73,森林公园,瓯海区
味宅鱼头(金德店),3.5,34,72,温州菜,望江路
味来・霞浦海鲜(万达店),4.5,294,80,浙菜,万达广场
呷哺呷哺(温州滨江万象城店),3.5,344,57,小火锅,江滨东路
和・吃於酒・温州人家烧(恒隆店),4.5,949,238,温州菜,车站大道
和・吃於酒・温州料理(大南里店),5.0,518,304,温州菜,马鞍池
和府捞面(滨江万象城店),3.5,28,37,快餐简餐,鹿城区
和沐TheHome,3.5,71,82,特色菜,瓯海区
咪表・牛爷爷鲜牛火盆烤肉(时代店),5.0,1068,69,融合烤肉,车站大道
咪表牛爷爷・刀叉牛肋火锅,5.0,378,82,潮汕牛肉火锅,车站大道
哥老官重庆美蛙鱼头(温州万象城店),4.5,6570,110,重庆火锅,温州万象城
哥老官重庆美蛙鱼头(温州印象城店),4.5,581,130,重庆火锅,中央绿轴
哲平鳗满・活烤鳗鱼(浙南首店),4.5,180,96,日本料理,江滨东路
火煲(温州滨江万象城店),4.0,316,91,广州菜,杨府山
啵啵超级鲜活集市火锅,4.0,44,124,海鲜火锅,娄桥
喵小鲜・私房海鲜・生醉・夜宵,5.0,308,102,海鲜,银泰百货/大南路
嘉野・山居赋,4.5,53,487,创意菜,温州万象城
嘟嘟南洋・傣泰大排档(五马街店),4.5,4448,88,泰国菜,五马街/大南门
嘟嘟南洋・傣泰料理(印象城店),4.5,2038,102,泰国菜,中央绿轴
嘻游记・厚切烤肉(温州印象城MEGA店),4.5,4763,117,融合烤肉,中央绿轴
四季桐舍,4.0,227,442,温州菜,中央绿轴
四季椰子鸡(西城路店),4.5,448,97,椰子鸡火锅,广化桥
地锅江湖(瓯海娄桥店),4.0,220,60,火锅,瓯海区
城西二叔・碳炉牛味馆・火锅・烤肉・小海鲜,4.0,99,126,火锅,欧洲城
外婆家(温州万象城店),4.0,3597,78,浙菜,温州万象城
外婆家(温州印象城MEGA店),4.5,2410,80,浙菜,中央绿轴
多多渔港・温州小鲜(国鼎店),4.0,2004,94,温州菜,马鞍池
多多渔港・温州小鲜(杨府山店),4.5,1808,99,温州菜,杨府山
多迷烫菜广场(水心大厦店),4.0,693,115,海鲜火锅,水心
大嘴・热炒店・台湾菜,4.0,141,111,创意菜,车站大道
大牛生态亲子农场儿童乐园,4.0,58,68,儿童乐园,鹿城区
大罗山风景区,5.0,430,43,自然风光,瓯海区
大美西北(温州龙湾店),4.5,264,59,特色菜,万达广场
大锅鱼(拱瑞山路店),4.0,881,82,温州菜,安阳街道
太二酸菜鱼(温州万象城店),4.5,2721,83,酸菜鱼/水煮鱼,温州万象城
太二酸菜鱼(温州滨江万象城店),4.0,90,69,酸菜鱼/水煮鱼,鹿城区
太食F泰式茶餐厅(温州万象城店・浙南首店),4.5,6080,113,泰国菜,温州万象城
太食F泰式茶餐厅(温州滨江万象城店),4.5,265,108,泰国菜,江滨东路
头陀寺,5.0,94,37,宗教,瓯海区
奇特冰雪乐园,4.0,1405,423,滑雪场,鹿城区
姜虎东白丁烤肉(恒隆广场店),4.0,1820,122,韩式烤肉,车站大道
守直・炉端酒场robatayaki,4.5,549,221,日本料理,五马街/大南门
安三胖韩国烤肉(滨江万象城店),4.5,372,118,韩式烤肉,杨府山
安葵ANQUI X(山根店),4.0,355,103,特色菜,茶山
实在人东北炭火烤肉,4.5,405,50,融合烤肉,梧田
宠眷西餐厅(温州万象城店),4.5,635,122,西餐,温州万象城
ぁぴ侣塘河,4.5,174,125,茶馆,老殿后
ぁで畔率,4.5,372,120,茶馆,车站大道
小十料理(新城店),4.5,1503,163,日本料理,中央绿轴
小十料理(温州万象城店),4.5,2046,186,日本料理,温州万象城
小吃一条街,4.0,102,25,快餐简餐,大学城
小团圆(大西洋银泰店),4.0,1828,74,浙菜,娄桥
小坝坊・慢生活音乐文化创意街区,4.5,258,110,休闲街区,车站大道
小岩隐铁板烧(浙江首店),4.0,196,207,日式铁板烧,江滨东路
小村S饭食堂(东浦店),4.5,104,29,日式简餐/快餐,车站大道
小澄家二代目Bistro,4.5,626,108,日本料理,信河街
小牛家东北烤肉(温州柳市店),4.5,1,100,韩式烤肉,柳市镇
小破屋牛肉火锅・烧烤,4.5,449,84,牛羊肉火锅,汤家桥
小蔡・浜OSAIHAMA,4.0,48,338,日本料理,车站大道
小锄匠寿喜烧(印象城店),4.5,1606,108,日本料理,中央绿轴
山前酒座・创意料理,4.5,62,172,日本料理,马鞍池
山根音乐艺术小村,4.5,440,43,美丽乡村,瓯海区
山葵烤肉(神力大厦店),4.0,34,67,融合烤肉,车站大道
屿里厨房,4.5,51,115,温州菜,洞头区
峰坤齐齐哈尔烤肉(温州店),4.0,414,108,韩式烤肉,动车南站
川少爷(瓯海区府店),4.5,75,76,川菜馆,瓯海区
川街里大排档(双龙路店),4.5,1172,90,川菜馆,下吕浦
川街里大排档(娄桥店),4.5,357,73,川菜馆,瓯海区
巷子里老杨饭团,4.0,72,10,快餐简餐,半腰桥
幸福生活齐齐哈尔家庭烤肉(时代店),4.5,562,88,韩式烤肉,车站大道
库迪咖啡(温州虹桥新凯店),3.5,13,11,咖啡厅,虹桥镇
应天府贵州烙锅(温州第一分店),3.5,90,64,贵州菜|黔菜,大学城
弗朗・7扒坊干式湿式熟成牛排(曼哈顿店),4.5,263,250,西餐,江滨西路
弗朗・7扒坊干式湿式熟成牛排(白麓里店),4.5,601,257,西餐,中央绿轴
弘大韩食,4.5,469,63,韩国料理,学院路
张董・中式铜板烤肉(时代店),4.5,1192,99,融合烤肉,车站大道
强子饭店(谢池巷店),4.0,634,60,川菜馆,五马街/大南门
彭厨(滨海店),4.5,800,69,湘菜,滨海园区
忆温州人家烧(八仙楼小区店),3.5,58,71,温州菜,望江路
念过往烙锅屋,4.0,442,72,融合烤肉,动车南站
恰FUN!!!,4.0,509,27,快餐简餐,车站大道
悦新中式餐厅,4.0,80,514,其他中餐,中央绿轴
戏满楼・沉浸式密室逃脱(名城店),4.5,554,112,密室/沉浸互动剧,五马街/大南门
成九丸(万象城?万邦中心店),4.5,274,107,日本料理,温州万象城
我怕太太中A料理,4.5,3790,106,浙菜,中央绿轴
扁头灯盏糕,4.0,1483,14,小吃面食,华盖山
打酱友鲜火锅(温州印象城MEGA店),4.5,661,110,鱼火锅,中央绿轴
托托西里?意式大排档(万邦中心店),4.5,85,54,西餐,温州万象城
执元烧鸟.居酒屋,4.5,297,151,日本料理,中央绿轴
找稻田(七都店),4.0,513,50,咖啡厅,鹿城区
拾壹片食烧肉(东浦村店),4.5,490,130,融合烤肉,车站大道
拾壹片食烧肉(人民东路店),4.5,983,117,融合烤肉,五马街/大南门
拾贰京禧涮肉,4.5,526,116,老北京火锅,五马街/大南门
捞王锅物料理(温州万象城店),5.0,3317,120,猪肚鸡火锅,老殿后
捞王锅物料理(温州滨江万象城店),4.0,402,115,猪肚鸡火锅,江滨东路
捞王锅物料理(财富中心店),5.0,2398,115,猪肚鸡火锅,车站大道
捞王锅物料理(龙湾吾悦广场店),5.0,1338,120,猪肚鸡火锅,状元
摩洛哥自由餐厅,4.5,353,161,西餐,娄桥
撒丁的厨房(温州印象城MEGA店),4.0,2868,125,西餐,中央绿轴
放轻松Fun＆Relax(五马街店),4.0,708,69,创意菜,五马街/大南门
斑鸠巢・新式小酒馆(梧田老街店),4.5,574,96,特色菜,梧田
新东山海鲜(白麓店),5.0,1448,169,海鲜,中央绿轴
新鲜I(温州首店),4.5,1360,117,西餐,中央绿轴
方格大战(印象城店),4.0,100,40,更多新奇体验,中央绿轴
无招牌,4.5,2779,90,温州菜,望江路
早晚・贵川bistro酒馆(东瓯智库店),4.5,83,59,川菜馆,中央绿轴
旬壹・寿喜烧(时代店),4.5,199,81,日式火锅,车站大道
时钟醉.生腌熟醉.围炉打边(南塘店),4.5,139,111,打边炉/港式火锅,南塘风貌街
明山知・围炉小酒馆,4.5,380,94,特色菜,万达广场
易筵席,4.5,69,207,浙菜,江滨东路
星巴克(温州平阳百悦广场店),3.5,34,42,咖啡厅,平阳县
星巴克(温州虹桥天元广场店),4.0,65,31,咖啡厅,虹桥镇
星悦南洋荟(瓯海银泰店),4.5,731,116,泰国菜,娄桥
星洲蕉叶东南亚料理(龙湾万达店),4.0,2158,134,南洋中菜,万达广场
春山半茶室,4.5,181,142,茶馆,车站大道
晓睿・融合湘菜・RUITEA(温州万象城店),4.5,1670,98,湘菜,温州万象城
曹大力・猛火砂锅煲・烧烤,5.0,122,73,烤串,蒲鞋市
有前・割烹融合料理,4.0,182,1145,日本料理,鹿城区
朱光玉火锅馆(温州滨江万象城店),4.5,175,111,重庆火锅,杨府山
朴丰(府前街店),4.0,86,60,日本料理,鹿城区
朴丰(春晖路店),4.5,1050,87,日本料理,下吕浦
朴丰家庭日料(万顺店),5.0,718,99,日本料理,车站大道
朴丰家庭日料(欧洲城店),4.5,2257,89,日本料理,欧洲城
朴丰家庭日料(龙湾店),4.5,1118,105,寿司,万达广场
朴叫叫韩式牛骨汤专门店,4.5,184,70,韩国料理,五马街/大南门
李炽春老广排档,4.5,294,69,广州菜,欧洲城
|家・猪杂粥觅味馆,4.0,188,68,潮汕菜,火车站南
松・家庭料理(印象城店),4.5,2721,136,日本料理,中央绿轴
松・隐世料理(温州万象城店),4.5,2870,142,日本料理,温州万象城
松鹤楼面馆(印象城店),4.5,1488,54,面馆,中央绿轴
林记港式地摊打边炉,3.0,34,98,打边炉/港式火锅,万达广场
柚酱食堂,4.5,1442,104,西餐,中央绿轴
柠檬向右(温州滨江万象城店),4.0,85,17,茶饮果汁,杨府山
柠檬呐泰国餐厅(滨海六路店),3.5,671,102,泰国菜,滨海园区
柴肆喜衢州麻辣烫・鲜卤(时代店),4.5,228,29,小吃快餐,车站大道
格乐利雅婚礼艺术中心(温州印象城MEGA店),4.0,103,157880,婚礼会所,中央绿轴
桃青餐厅,3.5,27,261,特色菜,车站大道
梦工场卡丁车运动中心,4.5,866,90,赛车,滨海园区
梧田老街,4.5,537,65,人文古迹,月乐
梧田集・江南渔市,3.5,94,131,海鲜,老殿后
椰子营・椰子鸡火锅(温州万象城店),4.0,1514,123,火锅,温州万象城
O膳・割烹料理(人民路店),4.5,794,443,日本料理,五马街/大南门
樱喜屋・家庭料理(创荣商业广场店),4.5,1108,68,日本料理,大学城
欢巷・小排档,4.5,353,100,特色菜,智慧谷
正亮海鲜(人民西路店),4.5,2336,167,海鲜,五马街/大南门
正亮海鲜(南塘店),4.5,1303,169,海鲜,南塘风貌街
正宗大肥猪,3.5,37,84,日本料理,东屿村
正阁餐饮,4.5,480,179,温州菜,江滨东路
毛球的手作屋,4.0,49,40,DIY手工坊,银泰百货/大南路
江心屿景区,5.0,6438,26,自然风光,江心屿
江筵,4.0,91,740,温州菜,鹿城区
池奈・日式咖喱蛋包饭(温州万象城店),4.0,1090,44,日式简餐/快餐,温州万象城
池奈・日式咖喱蛋包饭(温州滨江万象城店),4.0,98,43,日式简餐/快餐,江滨东路
汪保来(温州万象城店),4.0,722,29,面包烘焙,温州万象城
汪保来(温州滨江万象城店),3.5,79,27,甜品,江滨东路
泥炉烤肉师・炭烤活鳗鱼(人民路店),4.5,1365,108,融合烤肉,五马街/大南门
泰・快乐探险乐园,3.5,110,64,儿童乐园,梦多多小镇
泰妃殿(温州首店),4.5,4884,113,泰国菜,中央绿轴
泽雅溪野露营地,3.5,25,84,烧烤烤串,瓯海区
洛霏克牛排西餐厅(温迪路店),4.0,880,360,西餐,下吕浦
洞氮胡记羊肉馆(温州总店),4.5,1526,87,鱼火锅,马鞍池
洞氮胡记羊肉馆(瓯海亿象广场店),4.0,59,95,牛羊肉火锅,瓯海区
洽肉肉齐齐哈尔烤肉?东北特色烧烤(龙霞路店),4.5,1034,72,融合烤肉,梧田
浅草屋・家庭料理(温州大西洋银泰店),4.5,2430,90,寿司,娄桥
海底捞火锅(5050购物中心店),4.5,1465,86,四川火锅,翠微山
海底捞火锅(大西洋银泰城店),4.5,2438,95,四川火锅,娄桥
海底捞火锅(时代广场购物中心店),4.5,771,90,四川火锅,车站大道
海底捞火锅(温州吾悦广场店),4.5,1180,88,四川火锅,上江
润丰和牛杂(飞霞南路店),4.0,1767,46,小吃面食,蒲鞋市
淘ㄔ敛煲(万达店),4.0,524,81,广州菜,万达广场
深巷厨房(茶山店),4.5,495,88,温州菜,大学城
渔味小厨(锦延家园店),3.5,54,150,浙菜,中央绿轴
温州三和开元大酒店・地中海餐厅,3.5,209,167,自助餐,平阳县中心城区
温州之家韩国料理(望江路店),4.0,253,109,韩国料理,望江路
温州乐园,5.0,13336,160,游乐场,大学城
温州华侨饭店,4.5,497,655,五星级酒店,五马街/大南门
温州名小吃(创荣广场店),3.5,77,15,快餐简餐,大学城
温州味道(三牌坊店),4.0,85,142,温州菜,妙果寺
温州味道名小吃,3.5,48,62,小吃面食,龙湾国际机场
温州喜来登酒店-自助餐厅(车站大道店),4.0,4740,192,自助餐,体育中心
温州国际大酒店,4.5,797,402,四星级酒店,五马街/大南门
温州城中希尔顿酒店・瓯居海中餐厅,4.5,65,400,特色菜,瓯海区
温州大酒家瓯菜馆(五马街步行街店),4.0,327,105,温州菜,五马街/大南门
温州开元名都大酒店・四季轩中餐厅,5.0,311,225,温州菜,中央绿轴
温州极地海洋世界,5.0,5364,192,海洋馆,茶山
温州永嘉书院,4.5,1963,112,古代遗迹,永嘉县
温州童游城主题亲子乐园,3.5,956,102,儿童乐园,动车南站
温州美食(双庆路店),3.5,5,38,快餐简餐,老殿后
温州芬妮特恩森林农场,4.5,224,204,旅游项目/观光项目,瓯海区
温州铂尔曼酒店,4.5,367,706,豪华型,阳光大道
温州铂尔曼酒店m 咖啡厅,4.0,4098,148,自助餐,瓯北
温州香格里拉・宴会厅,4.0,107,122920,酒店婚宴/宴会,鹿城区
火锅・茶憩(温州万象城店),4.5,3776,140,火锅,温州万象城
火锅・茶憩(温州印象城店),4.5,1213,120,火锅,中央绿轴
湘肴・够湘味(龙湾吾悦广场店),4.5,1279,75,湘菜,上江
满吉料理(浙江首店),4.0,190,124,日本料理,杨府山
h拿山韩国料理,4.0,1212,75,韩国料理,华盖山
潮牛海记(南塘新天地店),4.5,913,116,潮汕牛肉火锅,东屿村
潮牛海记(印象城店),4.5,563,117,潮汕牛肉火锅,中央绿轴
澳珀食堂,4.0,358,390,苏浙菜,状元
火味潮汕菜(温州二店),4.5,450,79,潮汕菜,车站大道
火味潮汕菜(温州店),4.5,1174,82,潮汕菜,鹿城路
火āぴ潦煲(温州银泰店),4.0,335,83,广州菜,娄桥
炉鱼(万象城店),4.5,2601,81,烤鱼,老殿后
炉鱼(新城吾悦广场店),4.5,1846,91,烤鱼,上江
炉鱼(温州印象城MEGA店),4.5,1895,82,烤鱼,中央绿轴
炉鱼(滨江万象城店),4.0,194,95,烤鱼,杨府山
烟火人间现炒痛风锅,4.5,347,97,海鲜火锅,鹿城区
烧本烧烤肉(温州龙湾吾悦广场店),4.5,520,89,融合烤肉,上江
烧肉怀石・井,4.5,97,859,日本料理,鹿城区
熊太懒(开太店),4.5,176,34,DIY手工坊,五马街/大南门
牛New寿喜烧(滨江万象城店),4.5,186,172,寿喜锅/烧自助,江滨东路
牛天乐牛肉海鲜火锅,4.5,132,84,海鲜火锅,广化桥
牛很鲜潮汕牛肉火锅(东瓯智库店),4.5,2340,102,潮汕牛肉火锅,中央绿轴
牛很鲜潮汕牛肉火锅(吾悦广场店),4.5,501,103,潮汕牛肉火锅,上江
牛很鲜潮汕牛肉火锅(欧洲城店),4.5,2233,107,潮汕牛肉火锅,欧洲城
牛排家(滨江万象城店),4.5,136,257,西餐,江滨东路
啮纬鄙窍逝；鸸(牛肉面.吕浦店),4.5,308,55,潮汕牛肉火锅,下吕浦
王记豆腐花,4.0,660,18,快餐简餐,南塘风貌街
姐老火锅(温州印象城MEGA店),4.5,2453,126,重庆火锅,中央绿轴
瑾,4.5,639,77,温州菜,车站大道
璞丽PULI  CLUB,4.5,1430,199,粤菜,望江路
璞邸江景餐厅(瓯江路店),4.0,114,480,创意菜,江滨东路
瓯・正味海鲜(月乐一店),4.0,786,138,海鲜,梧田
瓯・正味海鲜・私厨(翡翠店),4.0,133,145,海鲜,火车站南
瓯宴府(荷塘月色店),3.5,18,423,温州菜,梧田
瓯江南・新派瓯菜(光影码头店),5.0,244,543,温州菜,鹿城区
瓯菜排档,4.0,506,121,温州菜,动车南站
瓯说・非遗手作馆(温州店),5.0,243,109,DIY手工坊,五马街/大南门
瓯阁海鲜楼(牛山店),5.0,697,132,海鲜,梧田
甬小馆・h海鲜(人民中路店),4.5,1433,99,海鲜,妙果寺
畔・怀石料理(七都店),4.5,1585,282,日本料理,鹿城区
白熊商店 CHEF TABLE,4.0,145,388,创意菜,米房创意园
益展坊・海鲜排档(智慧谷店),4.5,1639,158,海鲜,智慧谷
知味全日餐厅(温州威斯汀酒店),4.0,2608,253,自助餐,鹿城区
矮平家烧,3.5,281,77,温州菜,欧洲城
石灰石烧鸡公(万象城店),4.5,695,85,川菜馆,温州万象城
石灰石烧鸡公(梧田老街店),4.0,365,82,川菜馆,老殿后
破墟・炉边菜火锅,4.5,1084,73,川菜馆,五马街/大南门
破店肥哈・东北烧烤(中荣广场店),4.5,2338,95,烤串,五马街/大南门
禄嫂茶冰厅(温州印象城店),4.0,3164,79,粤式茶点,中央绿轴
秘伽・隐世餐厅,5.0,358,512,创意菜,瓯海区
米店・中餐厅,4.5,151,115,特色菜,蒲鞋市
粥全潮汕菜(吾悦广场店),4.0,573,117,潮汕菜,上江
紫气东来tea or coffee,4.5,434,61,咖啡厅,安澜亭
紫竹素食・茶空间,4.5,170,217,素食,老殿后
绣粤广式茶楼(温州万象城店),4.5,3092,92,粤式茶点,温州万象城
绿茶餐厅(温州万象城店),4.5,2935,76,浙菜,温州万象城
绿茶餐厅(龙湾吾悦店),4.5,265,68,浙菜,上江
罗勒餐厅,4.0,66,282,西餐,老殿后
美乐食街(小南店),4.0,682,111,温州菜,马鞍池
美里朝鲜族烧串(梧田老街店),4.5,226,93,烤串,老殿后
老地方厨房(塘下店),3.5,136,98,温州菜,塘下
老房子(瑶溪店),3.5,71,100,私房菜,龙湾区
老房子里院,3.5,27,28,咖啡厅,望江路
老温州・温州菜,4.5,1250,189,温州菜,欧洲城
老温州馄饨担(东游大厦店),4.0,373,19,馄饨|抄手|扁食,灰桥
老温州馄饨铺,3.0,43,21,馄饨|抄手|扁食,老殿后
老衢味道(老衢坊汤家桥店),4.5,359,77,衢州菜,汤家桥
老衢州土家菜(雁荡店),4.0,201,78,农家菜,汤家桥
老鸭集(温州印象城店),4.5,339,101,浙菜,中央绿轴
聿山居・创意料理,4.5,4833,141,日本料理,五马街/大南门
聿qr・创意料理(时代广场购物中心店),4.5,2615,147,日本料理,车站大道
聿料亭・烤肉料理,3.5,91,461,日本料理,瓯海区
肆榕(马鞍池店),4.0,994,39,快餐简餐,马鞍池
肉三两・泥炉烤肉(龙湾万达店),5.0,1383,98,融合烤肉,万达广场
胖哥俩肉蟹煲(银泰奥莱店),4.0,599,88,肉蟹煲,娄桥
胖姐东北餐馆,4.5,750,67,东北菜,汤家桥
胖子牛火锅,4.5,174,116,潮汕牛肉火锅,火车站南
舌尖上的雁荡(雁荡店),4.5,866,75,温州菜,雁荡镇
船话・国民海鲜火锅,4.5,91,92,海鲜火锅,上江
花漾餐厅,4.5,1434,195,西餐,葡萄棚/牛山客运中心
花潮料理艺食馆(温州万象城店),4.5,4675,355,日式自助,温州万象城
花潮料理艺食馆(温州滨江万象城店),3.5,184,319,日式自助,江滨东路
花菩(凯润花园店),4.5,246,220,私房菜,黎明立交桥
花间厨房,4.0,24,87,温州菜,现代广场
花间酒肆(梧田老街店),4.0,128,74,创意菜,梧田
芽笼芽笼新加坡餐厅(温州滨江万象城浙南首店),3.5,633,95,新加坡菜,江滨东路
范家厨房・温州人家烧,3.5,185,233,温州菜,中央绿轴
茉莉奶白(温州万象城店),4.0,560,17,茶饮果汁,温州万象城
茉莉奶白(温州鹿城世贸银泰店),4.5,288,16,茶饮果汁,银泰百货/大南路
荆九爷爆炒桥头三嫩(府前街店),4.5,1048,69,川菜馆,五马街/大南门
荆九爷爆炒桥头三嫩(新城店),4.5,963,63,川菜馆,中央绿轴
荣小馆(温州印象城店),4.5,1131,148,浙菜,中央绿轴
荣新记(乐清・江南里店),3.5,23,85,温州菜,乐清市
莫奈的时间美术馆・西餐,4.5,699,171,西餐,鹿城区
莳宜料理(吾悦广场店),4.0,147,214,日本料理,上江
董事长家・炭火割烹料理,4.5,1190,275,日本料理,车站大道
蔡大鲜・海鲜集市自选火锅,3.5,144,155,海鲜火锅,温州万象城
蔡澜港式点心(滨江万象城店),4.0,192,112,粤式茶点,江滨东路
薏和牛の活鳗(欧洲城店),4.5,679,143,烤肉自助,欧洲城
薛记炒货(温州滨江万象城店),3.5,16,51,零食,鹿城区
藤野造型(龙湾吾悦广场店),5.0,2801,222,美发,上江
虎噢HOO日式家庭料理,4.5,918,76,日本料理,车站大道
蚝哥来了・蚝食官(印象城店),4.5,166,63,特色菜,中央绿轴
蟹风暴(新城店),4.0,1528,83,苏浙菜,中央绿轴
行慢?文食诗酒骷琶姥Р吞(万象城店),4.5,583,181,西餐,温州万象城
行慢・文食诗酒竹影小院(大南里店),4.5,2960,164,西餐,马鞍池
行慢・文食诗酒醉美落日餐厅(印象城店),4.5,2812,184,西餐,中央绿轴
裕莲茶楼(浙南首店),3.5,179,62,茶饮果汁,杨府山
西塔老太太拌饭(温州滨江万象城店),3.5,178,37,韩国料理,江滨东路
豚幸とんかつ(时代店),4.5,737,96,日本料理,车站大道
豚幸とんかつ(龙湾店),4.0,118,98,日本料理,万达广场
赵美丽・重庆社区火锅・直营店(白麓里店),4.5,196,95,重庆火锅,中央绿轴
趁热集合HOTCRUSH(温州滨江万象城店),3.5,172,57,甜品,江滨东路
超级贝壳公司(双龙路店),4.0,738,130,创意菜,车站大道
辣汀麻辣香锅(滨江万象城店),3.5,188,69,干锅/香锅,江滨东路
达美乐比萨(温州印象城店),4.5,127,55,比萨,中央绿轴
迷你椰・泰式大排档(温州印象城店),4.0,2080,65,泰国菜,中央绿轴
逢煲煲炭炉牛杂煲,4.5,235,64,打边炉/港式火锅,大学城
遇见?见蔬食餐厅,4.0,428,62,素食自助,中央绿轴
道坦里中餐厅,4.0,211,100,创意菜,鹿城区
郭铁柱・泥炉老火锅(鹿城新城店),4.0,166,108,重庆火锅,鹿城区
酸奶罐罐(温州滨江万象城店),4.0,149,17,酸奶,江滨东路
醉酒的植物学家与茶・西餐,4.5,1695,126,西餐,杨府山
里物LIUU COFFEE BAR,4.0,232,76,咖啡厅,瓯海区
金焰食堂(温州滨江万象城店),4.5,136,98,日本料理,江滨东路
金牌外婆家(温州滨江万象城店),4.0,160,90,浙菜,鹿城区
鑫爷家,4.5,70,74,特色菜,五马街/大南门
钱炙自助料理(吾悦广场店),4.0,1901,114,自助餐,上江
钱炙自助料理(大西洋银泰店),4.5,6230,118,自助餐,娄桥
铁锅年代(龙湾店),4.5,406,67,本地鸡窝火锅,龙湾区
锦凤火锅馆,5.0,420,84,火锅,下吕浦
键勇饭摊(新城店),3.5,103,85,温州菜,汤家桥
键勇饭摊(桥儿头店),4.0,209,95,温州菜,南塘风貌街
问李白・小酒馆,4.0,55,68,特色菜,梧田
阿卡AK.Lab洋风韩餐(温州万象城店),4.0,876,91,韩国料理,温州万象城
阿壮佬・小菜园(乐成店),4.5,715,104,温州菜,乐清市中心城区
阿壮佬・温州排档(丹霞路店),4.5,1256,147,温州菜,乐清市中心城区
阿壮佬・温州排档(勤政路店),4.5,596,127,温州菜,乐清市中心城区
阿拉伯餐厅・中东料理・清真(开源店),4.5,2447,111,中东菜,车站大道
阿润打边炉(新城店),4.0,21,71,打边炉/港式火锅,中央绿轴
阿萨・中东料理・清真(龙湾吾悦店),4.5,844,99,中东菜,上江
院子里餐厅(公园路店),3.5,4,61,温州菜,平阳县
陶享时光西餐・下午茶(新城店),4.5,438,124,西餐,中央绿轴
雅小馆,5.0,85,215,温州菜,乐成市区
雪景饭摊(雪山路店),3.5,19,83,温州菜,半腰桥
青蓝荟・文化艺术高级餐厅,3.5,41,570,温州菜,安阳街道
青野・寻味楠溪餐厅,4.5,136,100,温州菜,岩头
静四合院(吴桥店),3.5,85,299,苏浙菜,马鞍池
Livehouse(温州店),4.5,330,135,Live House,老殿后
顺伍涮肉,4.0,426,120,老北京火锅,半腰桥
须尽欢・中式小酒馆(瑞安店),4.0,98,89,温州菜,瑞安市
须尽欢・中式餐厅(城市岛屿店),4.0,496,108,温州菜,灰桥
w鸟・串烧烧肉IZAKAYA&BAR(东欧智库店),4.5,455,141,日式烧烤/烤肉,中央绿轴
食台味(西城路店),4.5,1810,63,其他中餐,西城路
食善春天春天餐厅(望江西路店),4.5,3907,82,温州菜,望江路
驻海渔市(学院路店),3.5,129,181,温州菜,中央绿轴
l・浅草君・洋风料理(温州印象城店),4.5,827,106,日本料理,中央绿轴
l汀・Omakase 怀石料理,4.0,36,1637,日本料理,鹿城区
鱼乎・食鱼记(梧田老街店),4.5,215,83,特色菜,老殿后
鱼得水辣味馆,4.0,228,86,川菜馆,蒲鞋市
鲁日料理(温州吾悦广场店),4.0,542,139,日本料理,上江
鲁日料理(茶山店),4.0,63,117,日本料理,大学城
鲍师傅糕点(温州万象城店),4.0,1000,33,面包烘焙,江滨东路
鳗匠心(车站大道店),4.5,1418,117,日本料理,车站大道
鸟东炭火烧鸟,5.0,133,124,日本料理,银泰百货/大南路
鸟安居酒屋,4.5,1792,130,日本料理,马鞍池
鹿栖(温州乐清店),5.0,650,170,按摩/足疗,柳市镇
